name,number,pred_number
crop_m2_I00025.png,5B77655,15B77655
crop_h3_I00102.png,9B14015,9B14015
crop_m3_I00041.png,4B07003,4B07003
crop_m3_I00012.png,5Z15057,5Z15057
crop_m4_I00039.png,BMZ0815,LBMZ08-151
crop_h4_I00019.png,4B42029,4B42029
crop_h3_I00058.png,7B88517,.7B8~8517
crop_m4_I00020.png,1B87819,1B87819
crop_h2_I00006.png,4B02466,4B02466
crop_h3_I00015.png,9B33297,49Be3297
crop_m3_I00090.png,1BB9110,1BB9110
crop_h2_I00016.png,4M98681,4M986813
crop_m1_I00003.png,5B11181,5B11181
crop_m3_I00005.png,6C71390,6C71390
crop_m4_I00073.png,SI625BC,wjspeeds[/e625BC
crop_m2_I00067.png,5B11149,15B11149
crop_m1_I00002.png,8B90164,BB90164
crop_h2_I00074.png,5B11300,JB1300
crop_h4_I00035.png,7B30332,IB30302)
crop_h3_I00045.png,5B99527,5BS9527
crop_m4_I00055.png,9B46988,9B46983
crop_m2_I00009.png,ZNE2393,Re2993.
crop_m3_I00000.png,4E02304,LEO2304
crop_h4_I00084.png,2B90178,2B9467
crop_h3_I00118.png,4B86157,.a0Mr
crop_m3_I00112.png,8T84065,3Te4065
crop_m4_I00002.png,8B91698,18b91693
crop_h4_I00046.png,2E73609,2E736093
crop_h2_I00010.png,8B02173,18BI2173
crop_h2_I00025.png,5B77655,5B77252
crop_m3_I00037.png,B0L3403,to-DisKoni..34-0:
crop_h3_I00044.png,5B57928,5B67928
crop_m4_I00065.png,6B84949,6B844949
crop_m3_I00135.png,2B73768,2B7.3768
crop_h2_I00045.png,2B89928,2B9611
crop_m3_I00095.png,2B97325,2B9.7325.
crop_m2_I00059.png,3Z63187,13Z63187
crop_m1_I00013.png,1B94686,1B94686
crop_m2_I00060.png,4AZ3802,3802>LAz
crop_m3_I00003.png,7B14095,7B14095
crop_m4_I00038.png,3T16754,6754E3T1
crop_m2_I00049.png,6B50430,6B54986
crop_h4_I00070.png,4B84489,4B84489
crop_m3_I00080.png,9T19202,9T19202
crop_m3_I00113.png,4AC5710,4C5710
crop_h3_I00073.png,2AX4938,24X4938
crop_h4_I00064.png,6B84949,.6B81949
crop_m1_I00010.png,BVJ6411,IBVW6-11
crop_m2_I00053.png,BZC4939,EBZC49:39
crop_m4_I00080.png,BZI0346,BZI03-46
crop_m4_I00028.png,5M56740,674016115
crop_m3_I00077.png,4B60620,4B60620
crop_m4_I00063.png,2B45270,2B45270
crop_m4_I00016.png,3B88729,BBB8729
crop_h2_I00051.png,4B45969,4B45969
crop_m4_I00052.png,4B56396,4B56396
crop_h3_I00034.png,2Z52689,2752689
crop_m2_I00015.png,7B14349,6130
crop_m3_I00051.png,3Z63187,3Z63187
crop_m3_I00052.png,2SZ4642,4642-2SZ
crop_m1_I00001.png,6B94558,6B94558
crop_m2_I00048.png,1BB8851,1BB3851
crop_m3_I00102.png,9B14015,40159B1
crop_h2_I00067.png,5B11149,15B11149
crop_m2_I00032.png,7B11859,3640
crop_m3_I00074.png,5B77379,15B7757379
crop_m4_I00074.png,9B36205,a.utosamson.c62051
crop_h2_I00011.png,7B10307,178f0307
crop_h2_I00012.png,9B60464,2357
crop_h4_I00054.png,BZJ2909,BZ!29:09
crop_m4_I00023.png,7B27150,.7B27150
crop_m3_I00029.png,1BA1114,IBA114
crop_m3_I00076.png,BZL3400,BZL34-00
crop_m3_I00136.png,6B24616,6B24616
crop_m2_I00022.png,3B04082,3B04082
crop_h3_I00108.png,8B86266,33e$6e
crop_h3_I00052.png,2SZ4642,46422S2
crop_h1_I00017.png,5B29737,5B29737
crop_m3_I00079.png,8T77462,37782)
crop_m4_I00009.png,9B65431,5431119B6
crop_h2_I00073.png,5B11149,6B1149
crop_m4_I00007.png,6B48927,9711
crop_m2_I00076.png,1BD0679,1BD0679
crop_m3_I00119.png,4B82295,48e2296
crop_h4_I00053.png,9B78701,9B78701
crop_m4_I00026.png,7B14156,7B14156
crop_h3_I00008.png,4B82840,4B82840
crop_h2_I00049.png,6B50430,6B50430
crop_m1_I00011.png,8B79697,18B79597
crop_m2_I00050.png,6B00320,5BO0320
crop_m2_I00058.png,8B64702,8B64702
crop_h3_I00132.png,7B89545,.7B89545
crop_m2_I00011.png,7B10307,net007
crop_h3_I00001.png,9B43104,IBL310L
crop_h2_I00076.png,1BD0679,1BD0679
crop_h3_I00123.png,BZB1922,BZB19:223
crop_m1_I00017.png,5B29737,5B29737
crop_m3_I00111.png,7B34216,.7B34216
crop_m4_I00037.png,6B28800,88001-16B2
crop_m3_I00011.png,5B05531,5BO5531
crop_h3_I00040.png,7B11607,1607.1781
crop_h4_I00078.png,9B14541,9B14541
crop_h1_I00018.png,8B88391,8B88391
crop_m4_I00015.png,3B37902,3B37902
crop_m3_I00140.png,9B86906,9B86906
crop_h2_I00029.png,2B65055,5341
crop_h2_I00050.png,6B00320,6BO0320
crop_m2_I00062.png,2Z52689,2Z52689
crop_m1_I00014.png,4B83940,4B83940
crop_m3_I00066.png,8B60552,8055?886
crop_h4_I00022.png,5B29670,5B29670
crop_h1_I00013.png,1B94686,1B9L686
crop_h2_I00032.png,7B11859,21640
crop_h3_I00140.png,9B86906,9B86906
crop_h3_I00065.png,9B91420,9B91420
crop_h4_I00037.png,6B28800,6B28800
crop_m3_I00132.png,7B89545,7B89545
crop_m3_I00122.png,BMZ3933,BMZ39-303
crop_h4_I00009.png,9B65431,"5431""19B6"
crop_m3_I00044.png,5B57928,5B57928
crop_m2_I00056.png,9B49365,19BL9365
crop_m3_I00087.png,2B76686,2876686
crop_m4_I00068.png,2AB5896,2AB5896
crop_h2_I00069.png,9B64064,9B64064
crop_h1_I00008.png,2B20174,28?0174
crop_m2_I00030.png,3AI0851,I3Al0851
crop_h3_I00036.png,7B63766,7B63766
crop_h4_I00041.png,6B23451,6B23457
crop_m2_I00064.png,4E02304,LE02304
crop_m2_I00023.png,1J24813,7J24813
crop_h4_I00062.png,3B60832,3860832:
crop_h3_I00006.png,8B46851,3BL6857
crop_h4_I00007.png,6B48927,89276BL
crop_h4_I00063.png,2B45270,2B45270
crop_m3_I00107.png,4B96914,
crop_m2_I00000.png,5C48306,5CL8306
crop_h3_I00085.png,7B46204,7B46204
crop_m2_I00003.png,1BD0673,18D0671
crop_h3_I00074.png,5B77379,15B:.7379
crop_m4_I00025.png,7B08199,.7BO8199
crop_m3_I00038.png,2B57127,7412
crop_h2_I00014.png,1AT5828,521bet
crop_h3_I00087.png,2B76686,2B76686
crop_h2_I00062.png,2Z52689,2Z52689
crop_h2_I00060.png,4AZ3802,3802waaz
crop_h3_I00053.png,6B89358,SB89358
crop_m2_I00014.png,1AT5828,523wit
crop_m4_I00085.png,7B59839,.7B59839
crop_h3_I00110.png,8B86266,6256BBB
crop_h3_I00049.png,1Z35206,5329
crop_m4_I00045.png,2Z96418,22954180
crop_h2_I00056.png,9B49365,I9BL9365
crop_m3_I00097.png,9B98777,9B987777
crop_h3_I00137.png,5B26675,58286675
crop_h3_I00076.png,BZL3400,BZL34-00
crop_m2_I00016.png,4M98681,.44M986813
crop_m3_I00055.png,6B34859,6B34859
crop_m2_I00001.png,3B38140,81401E3B3
crop_h2_I00055.png,1BA0888,OBB8JBI
crop_h3_I00032.png,8B26229,3B2$229
crop_h2_I00054.png,1BB6338,1BB6338
crop_h4_I00004.png,8T43418,8T43418
crop_h4_I00055.png,9B46988,9B45983
crop_h4_I00000.png,4M26776,4M267761
crop_h3_I00018.png,4AX9660,4X9660
crop_h2_I00034.png,8B23170,31883
crop_h3_I00088.png,8B03653,8BO3653
crop_m4_I00024.png,4AT7962,LAT1962
crop_m3_I00017.png,7B27254,9036
crop_m3_I00093.png,9B13772,ALace-BRnOsB1:37
crop_m3_I00129.png,3B25229,522913B2
crop_h3_I00041.png,4B07003,4B07003
crop_m2_I00054.png,1BB6338,IBB6338
crop_m3_I00089.png,1E59706,109706
crop_m4_I00048.png,BZE7277,BE.7277
crop_h3_I00026.png,1BA1114,IBA1114
crop_h2_I00059.png,3Z63187,318743z6
crop_m4_I00019.png,4B42029,4B12029
crop_h2_I00071.png,7B98453,7B93453
crop_h3_I00086.png,5B23615,5823615
crop_h3_I00029.png,1BA1114,TBA1114
crop_m2_I00066.png,7B94261,.7B942611
crop_h4_I00015.png,3B37902,3B37902
crop_h3_I00072.png,7B30135,7B30135
crop_m2_I00072.png,9B59729,972919B5
crop_m4_I00062.png,3B60832,3861832:
crop_h4_I00059.png,B8121,16121
crop_m3_I00099.png,8B22920,[8B22920
crop_h2_I00038.png,4AF9553,IF19553
crop_h3_I00031.png,5B20773,2355
crop_h4_I00020.png,1B87819,EB87819
crop_h2_I00023.png,1J24813,4945
crop_h2_I00037.png,5B08436,5B0B486
crop_m3_I00117.png,4B64261,aDSL4t
crop_m3_I00013.png,4Z42407,4Z42407
crop_m3_I00067.png,5B38434,5B38434
crop_m2_I00019.png,9B38368,9B31013
crop_m3_I00004.png,1BA2905,IBA2905
crop_m4_I00041.png,6B23451,6B23457
crop_h1_I00015.png,4B83940,4B83940
crop_m2_I00034.png,8B23170,1BB23170
crop_m3_I00139.png,5H68504,568850!
crop_h4_I00086.png,7B11123,7B11128)
crop_h3_I00078.png,3B09932,3BO9932
crop_m4_I00082.png,6B48288,6848288
crop_h3_I00062.png,BZP6480,BZP64-80
crop_h4_I00036.png,1BD4657,IBD46577
crop_m4_I00013.png,1BC5191,IBC5191
crop_h4_I00029.png,7B14156,781L156
crop_m3_I00124.png,2M25948,2M25948
crop_h2_I00036.png,2B13579,2B13579
crop_h4_I00038.png,3T16754,33T16754
crop_m2_I00012.png,9B60464,19S0464
crop_m4_I00010.png,FMR4437,FMR44-37
crop_h1_I00004.png,8B79697,8B79697
crop_h4_I00017.png,1BB8887,IBB8887
crop_m4_I00086.png,7B11123,7B1+1123
crop_m3_I00131.png,7B14095,.7B14095
crop_m4_I00077.png,8B68508,8B68508
crop_h4_I00077.png,8B68508,8BG3508
crop_h3_I00127.png,6B70990,6B70980.
crop_m4_I00075.png,9B13198,9B13708
crop_m2_I00057.png,6B26050,6732
crop_m4_I00017.png,1BB8887,1BB88871
crop_m4_I00059.png,B8121,18121
crop_h3_I00017.png,7B27254,7B8033
crop_h4_I00072.png,2AN1991,199:24N
crop_m4_I00078.png,9B14541,ww.elacaB1-L54
crop_m3_I00032.png,8B26229,8826229
crop_m3_I00057.png,8B81013,8B81013
crop_m1_I00012.png,BVJ6411,IvW6-11
crop_m3_I00002.png,BZL4085,BZL40-85
crop_h4_I00028.png,5M56740,15M56740
crop_m3_I00020.png,1B61178,1178.1B6
crop_m4_I00022.png,5B29670,5B29670
crop_h3_I00005.png,6C71390,GC71390
crop_h3_I00117.png,4B64261,476a6
crop_h3_I00059.png,1B27247,1B272L7:
crop_h3_I00091.png,5B24546,5B24546:
crop_m3_I00064.png,7B65585,7371
crop_h4_I00058.png,BZ04966,BZ049-66
crop_m4_I00071.png,BZN1065,B2I10:45
crop_h3_I00020.png,1B61178,1B611788
crop_m4_I00040.png,3B95265,3B95265
crop_h4_I00026.png,7B14156,7B14156
crop_h1_I00016.png,4B27433,4B27433
crop_m4_I00006.png,8T32290,2290EBT:
crop_h3_I00002.png,BZL4085,BZL40-85
crop_h3_I00133.png,8B66512,8B66512
crop_m3_I00137.png,5B26675,PV-AUtOB2-667
crop_m3_I00134.png,1BB7325,1BB7325
crop_h3_I00139.png,5H68504,
crop_m1_I00007.png,5Z40181,5Z40181
crop_m2_I00063.png,6B88304,9992
crop_m3_I00088.png,8B03653,8BO.3653
crop_m2_I00013.png,7B91102,2891
crop_h1_I00005.png,8B90164,1053
crop_m3_I00009.png,4M34462,4M3L62
crop_m2_I00047.png,9B84759,3747
crop_h1_I00002.png,8B90164,BB90164
crop_m4_I00003.png,1BC5138,1BC5138
crop_m3_I00082.png,1B70230,1B70230
crop_h3_I00068.png,7B44167,7B44167
crop_h3_I00134.png,1BB7325,IBB.7325
crop_h3_I00135.png,2B73768,4055
crop_m2_I00036.png,2B13579,3860
crop_m3_I00016.png,7B66657,7B66657
crop_m3_I00062.png,BZP6480,BZP6-801
crop_h4_I00039.png,BMZ0815,LBMZ08-15.
crop_m3_I00133.png,8B66512,8B66512
crop_h3_I00030.png,9B30034,9B30034
crop_h4_I00010.png,FMR4437,FMR4-37
crop_m2_I00044.png,7B61623,7B61623
crop_h3_I00051.png,3Z63187,3Z63187
crop_h4_I00052.png,4B56396,4856396
crop_m4_I00046.png,2E73609,2736091
crop_h3_I00131.png,7B14095,.7B14095
crop_h1_I00019.png,5B28893,dow582
crop_h3_I00024.png,9B30130,9B30130
crop_m4_I00067.png,8T52099,2974
crop_h3_I00027.png,9B88363,10151
crop_h1_I00014.png,4B83940,39404B8
crop_h3_I00038.png,2B57127,7412
crop_h4_I00043.png,8B10162,8B10162
crop_m3_I00121.png,7B72729,7B72729
crop_h3_I00028.png,5B06256,5B06256
crop_h4_I00079.png,BZ05042,BZ050-42
crop_h2_I00021.png,4B20737,4B207377
crop_m3_I00118.png,4B86157,IRd(157
crop_m3_I00024.png,9B30130,013019B3
crop_h3_I00016.png,7B66657,7B66657
crop_h4_I00023.png,7B27150,7B27150
crop_h4_I00082.png,6B48288,6BL8288
crop_m3_I00049.png,1Z35206,1235206
crop_h2_I00048.png,1BB8851,1BB8851
crop_m2_I00068.png,2B74289,2B74289
crop_h3_I00079.png,8T77462,877.62
crop_h2_I00044.png,7B61623,7B61623
crop_h3_I00075.png,7B73485,.7B734857
crop_h3_I00089.png,1E59706,E59706
crop_h3_I00021.png,9B88363,9B88363
crop_h3_I00063.png,5J04027,Autopoint.034027
crop_h3_I00067.png,5B38434,5B38434
crop_h2_I00017.png,2B17515,2B17515
crop_h4_I00080.png,BZI0346,BZI03-46
crop_h3_I00125.png,7B30788,7B30788
crop_m4_I00070.png,4B84489,4B84489
crop_h4_I00011.png,3M46918,3M46918
crop_h2_I00003.png,1BD0673,18d10870
crop_h3_I00119.png,4B82295,4Be2299
crop_h2_I00043.png,7B29430,.7B29430
crop_m4_I00027.png,5M56740,aean(Ill
crop_h2_I00001.png,3B38140,3B381401
crop_m2_I00035.png,9B84391,19BB1991
crop_m4_I00000.png,4M26776,14M2.6776
crop_h2_I00005.png,6B51255,18B51255
crop_m3_I00086.png,5B23615,481412243615
crop_m4_I00030.png,9T33663,3663E9T3
crop_h4_I00014.png,1BC0525,IBC0525
crop_m4_I00053.png,9B78701,9B78701
crop_h4_I00008.png,B13AEB,13AEB
crop_h4_I00068.png,2AB5896,24B5896
crop_h4_I00048.png,BZE7277,BLE.7ll
crop_m1_I00005.png,8B90164,BB90164
crop_h3_I00082.png,1B70230,1B70230
crop_m3_I00069.png,3B41980,19803B4:
crop_h1_I00003.png,5B11181,5811181
crop_h3_I00113.png,4AC5710,LAC5710
crop_m3_I00101.png,7B31947,3725
crop_h3_I00009.png,4M34462,4M34462
crop_h3_I00095.png,2B97325,2B97325
crop_m3_I00006.png,8B46851,8BI6851
crop_m4_I00035.png,7B30332,VBS0932)
crop_m3_I00056.png,4B76148,6635
crop_h2_I00066.png,7B94261,.7B92611
crop_m3_I00116.png,3B60854,
crop_m3_I00059.png,1B27247,1327247:
crop_h2_I00063.png,6B88304,16B88304
crop_h3_I00115.png,8B62184,3862184
crop_m3_I00123.png,BZB1922,BZB19:221
crop_m1_I00018.png,8B88391,8B883911
crop_m4_I00004.png,8T43418,3T43418
crop_h2_I00046.png,6B67033,6B67093
crop_h3_I00033.png,1B37208,7391
crop_h3_I00014.png,3S86899,3S86899
crop_m1_I00006.png,5B11181,5B1ma1
crop_m3_I00050.png,8B41958,BBL1958
crop_m2_I00008.png,BZD1223,E2O12:23
crop_h4_I00083.png,9B85289,9B85289
crop_h3_I00066.png,8B60552,2438
crop_m2_I00037.png,5B08436,8436.558
crop_h4_I00071.png,BZN1065,32110:65
crop_h3_I00057.png,8B81013,8B81013
crop_m4_I00058.png,BZ04966,BZO49-66
crop_h4_I00030.png,9T33663,3663E9T3
crop_m3_I00026.png,1BA1114,IBA1114
crop_h3_I00043.png,9B13973,9BI3973
crop_h3_I00112.png,8T84065,8Te4065
crop_h1_I00012.png,BVJ6411,64-1IBVJ
crop_m2_I00075.png,1BA3428,IBA3428
crop_m3_I00027.png,9B88363,9BB8063
crop_h2_I00068.png,2B74289,2B74289
crop_h3_I00083.png,8B47318,8B47318:
crop_h3_I00107.png,4B96914,LB986914
crop_m3_I00036.png,7B63766,7B63766
crop_h1_I00000.png,9B52145,9B52145
crop_m2_I00051.png,4B45969,4B45969
crop_h3_I00007.png,6B45495,5B45495
crop_m3_I00018.png,4AX9660,4X9660
crop_m3_I00120.png,4B22781,4B227811
crop_m4_I00072.png,2AN1991,2AN1991
crop_h3_I00055.png,6B34859,6B34859
crop_m3_I00125.png,7B30788,.7B30788
crop_h3_I00128.png,7B75285,7B75285
crop_h3_I00099.png,8B22920,BB22920
crop_h4_I00018.png,5B97425,5B97425
crop_m3_I00060.png,BZP6480,BZP64-80
crop_m3_I00103.png,BZL5685,BZL56-85:
crop_h2_I00047.png,9B84759,9BBL789
crop_m3_I00110.png,8B86266,EBB6256
crop_m4_I00011.png,3M46918,69183M43
crop_h2_I00002.png,4B10036,L810035
crop_m3_I00008.png,4B82840,LB82840
crop_m2_I00010.png,8B02173,18B02173
crop_m3_I00075.png,7B73485,.7B7834857
crop_h2_I00004.png,4B50811,4B508111
crop_m3_I00061.png,1BA8370,MBAE48:370
crop_h3_I00096.png,7B76600,hoLer6600
crop_h1_I00007.png,5Z40181,5Z40181
crop_m2_I00065.png,7B40988,.7B40988
crop_h2_I00061.png,7B57267,72677E7B5
crop_m4_I00061.png,1BI1710,repUBlIkaBl-17
crop_m4_I00021.png,5B97425,5B97425
crop_m3_I00045.png,5B99527,5B99527
crop_m3_I00010.png,6M04291,.291H0
crop_m1_I00016.png,4B27433,44B27433
crop_m3_I00033.png,1B37208,1B37389
crop_h4_I00016.png,3B88729,BB88729
crop_h1_I00006.png,5B11181,1762
crop_m3_I00115.png,8B62184,3B62184
crop_h3_I00004.png,1BA2905,IBA2905
crop_h3_I00054.png,2B38280,2838280
crop_h3_I00090.png,1BB9110,1BB9110
crop_h4_I00013.png,1BC5191,IBC5197
crop_h3_I00120.png,4B22781,4B22781
crop_h3_I00116.png,3B60854,
crop_h2_I00026.png,6B67495,149516B6
crop_m2_I00004.png,4B50811,08111E4B5
crop_m3_I00084.png,1BI2138,1BI21381
crop_m2_I00069.png,9B64064,9B64064
crop_m4_I00079.png,BZ05042,B7050-42
crop_h3_I00092.png,9B29274,9329276
crop_m3_I00019.png,3B60372,13B60372
crop_m3_I00047.png,3SA6413,3SA6413
crop_m2_I00046.png,6B67033,6861093
crop_m3_I00015.png,9B33297,5280
crop_h2_I00030.png,3AI0851,3Al0851
crop_h3_I00121.png,7B72729,7B72729
crop_h4_I00066.png,3B75763,3B75763
crop_m3_I00043.png,9B13973,9BI3973
crop_h3_I00109.png,6B03119,6BO3119
crop_h2_I00024.png,1BC4146,1BC4146
crop_h3_I00071.png,2AX4938,490912X
crop_h4_I00060.png,4B83172,4883172
crop_h4_I00085.png,7B59839,.7B59839
crop_m4_I00064.png,6B84949,168B>4919
crop_m2_I00017.png,2B17515,7792
crop_h3_I00010.png,6M04291,16r01299
crop_m3_I00085.png,7B46204,
crop_m4_I00031.png,B8547,IB8547
crop_h4_I00061.png,1BI1710,1B]1710
crop_m3_I00092.png,9B29274,19329274
crop_m3_I00054.png,2B38280,2833280
crop_m3_I00114.png,1BC1046,IBC10L6
crop_h4_I00002.png,8B91698,18B91698
crop_h3_I00003.png,7B14095,409b47B1
crop_h3_I00080.png,9T19202,92029T1
crop_m2_I00021.png,4B20737,4B207371
crop_m3_I00025.png,9B30130,9B30130
crop_h4_I00040.png,3B95265,3B95265
crop_m4_I00012.png,8B70688,8B70688
crop_h3_I00048.png,4AF9553,LAF9553
crop_m4_I00084.png,2B90178,2B90178
crop_h3_I00097.png,9B98777,9B9'88777
crop_m3_I00100.png,1B05002,L1Bo50021
crop_m2_I00070.png,1B85815,IB85815
crop_h3_I00039.png,1BC6703,IBC6703
crop_h3_I00103.png,BZL5685,BZL56-85
crop_m2_I00026.png,6B67495,16B67495
crop_h3_I00070.png,8B69588,8B69588
crop_h4_I00076.png,8B68508,8B6.8508
crop_h3_I00100.png,1B05002,1B05002
crop_h2_I00040.png,7B00844,844.78
crop_m1_I00000.png,9B52145,9B52145
crop_m3_I00081.png,9B45193,9B45193
crop_h3_I00060.png,BZP6480,BZP64-80
crop_m4_I00018.png,5B97425,5B97425
crop_h3_I00093.png,9B13772,LaceBRnO.ezB1-377
crop_m3_I00138.png,7B78280,.AaaautB7-828
crop_m3_I00128.png,7B75285,7B75285
crop_h4_I00012.png,8B70688,8B70688
crop_m3_I00127.png,6B70990,.6B70990
crop_h2_I00027.png,BZP2087,BZP20-87
crop_h3_I00025.png,9B30130,9B30130
crop_h3_I00129.png,3B25229,3823.1522
crop_h4_I00075.png,9B13198,31989318
crop_m3_I00091.png,5B24546,5B24546:
crop_h4_I00003.png,1BC5138,IBC5138
crop_m2_I00018.png,BZH8389,I7HB8e9
crop_h3_I00130.png,7B59066,7B59066
crop_h4_I00021.png,5B97425,5B97.25
crop_h2_I00022.png,3B04082,4462
crop_h4_I00006.png,8T32290,2290J8T3
crop_m3_I00046.png,9B83305,19B8e3305
crop_m3_I00031.png,5B20773,1502o770
crop_m4_I00043.png,8B10162,8B10162
crop_m3_I00023.png,7B12151,7B12151
crop_h4_I00057.png,3AJ8930,893034J
crop_h2_I00053.png,BZC4939,EBZC493
crop_m3_I00058.png,7B88517,.7B8.8517
crop_h2_I00072.png,9B59729,9B59729
crop_h2_I00065.png,7B40988,.7B40988
crop_m3_I00083.png,8B47318,8B47310
crop_m4_I00005.png,LL435JG,WwWite-cer.14355:
crop_m4_I00029.png,7B14156,L1564781
crop_m2_I00027.png,BZP2087,BZP20-87
crop_h2_I00020.png,8B71401,11974
crop_h3_I00019.png,3B60372,4107
crop_m3_I00073.png,2AX4938,2AX4938
crop_h2_I00075.png,1BA3428,IBA3428
crop_m4_I00083.png,9B85289,9B85289
crop_m3_I00130.png,7B59066,.77B59066:
crop_m4_I00076.png,8B68508,8B68508
crop_h3_I00050.png,8B41958,BBL1958
crop_m4_I00069.png,4B46694,
crop_h4_I00024.png,4AT7962,1962Lat
crop_h1_I00011.png,8B79697,1887aco7
crop_h2_I00058.png,8B64702,8B64702
crop_m4_I00008.png,B13AEB,B-13AEB
crop_m2_I00040.png,7B00844,844.78
crop_h3_I00136.png,6B24616,6B24616
crop_h3_I00061.png,1BA8370,IB418370
crop_m3_I00063.png,5J04027,15J030277
crop_h2_I00013.png,7B91102,2891
crop_m4_I00081.png,3B30411,3B3111
crop_h3_I00138.png,7B78280,Aaaauto.czB7-828
crop_h2_I00070.png,1B85815,1BI815
crop_m2_I00002.png,4B10036,L81003
crop_h2_I00035.png,9B84391,gIBE19n
crop_h3_I00111.png,7B34216,7B34216
crop_m3_I00021.png,9B88363,9B88363
crop_m4_I00036.png,1BD4657,4657ElIBD
crop_m4_I00054.png,BZJ2909,BZ]29:09
crop_h3_I00081.png,9B45193,9B45193
crop_m1_I00019.png,5B28893,1090r582
crop_m1_I00015.png,4B83940,LB83940
crop_h3_I00084.png,1BI2138,1BI21381
crop_h2_I00019.png,9B38368,9349
crop_h3_I00105.png,7B35438,17B3543
crop_h3_I00077.png,4B60620,4B60620
crop_h2_I00039.png,2B52739,2852739
crop_h3_I00013.png,4Z42407,4Z42407
crop_m3_I00108.png,8B86266,.8e>0266
crop_m3_I00071.png,2AX4938,19932X
crop_h3_I00042.png,8B53308,3308IBE
crop_h4_I00045.png,2Z96418,2296418
crop_h4_I00044.png,3B48296,
crop_m3_I00065.png,9B91420,9B91420
crop_m3_I00078.png,3B09932,3BO9932
crop_m2_I00024.png,1BC4146,1BC4146
crop_m1_I00008.png,2B20174,456
crop_m2_I00074.png,5B11300,5B11300
crop_m4_I00066.png,3B75763,3B75763
crop_h3_I00126.png,7B90990,all.7B9809901
crop_m4_I00056.png,5H85564,
crop_h2_I00064.png,4E02304,LE02304
crop_m2_I00039.png,2B52739,3024
crop_h3_I00069.png,3B41980,I3BL1990
crop_m3_I00034.png,2Z52689,2752689
crop_h1_I00010.png,BVJ6411,IBVJ.64-1
crop_h4_I00025.png,7B08199,7BO8199
crop_h3_I00011.png,5B05531,5BO5531
crop_m3_I00053.png,6B89358,5B89358
crop_m3_I00042.png,8B53308,IBB53308
crop_h4_I00069.png,4B46694,LBL6694
crop_m1_I00004.png,8B79697,8B79697
crop_h4_I00065.png,6B84949,6B84949
crop_m3_I00028.png,5B06256,5B06256
crop_h4_I00073.png,SI625BC,S/e62580
crop_h4_I00067.png,8T52099,2099.815
crop_m2_I00029.png,2B65055,5341
crop_h2_I00057.png,6B26050,6732
crop_m2_I00043.png,7B29430,7B294.30
crop_h2_I00015.png,7B14349,.7B14349
crop_h1_I00001.png,6B94558,6B94558
crop_m3_I00105.png,7B35438,1B35438
crop_m2_I00061.png,7B57267,726717B5
crop_m3_I00109.png,6B03119,6B083119
crop_h3_I00037.png,B0L3403,o-DisKONt.e3403
crop_h4_I00056.png,5H85564,585564
crop_m2_I00055.png,1BA0888,OBBBABI
crop_m4_I00060.png,4B83172,"CZ88317"":"
crop_m3_I00022.png,7B12151,21577.1781
crop_m3_I00070.png,8B69588,8B69588
crop_m3_I00030.png,9B30034,9B30034
crop_m3_I00014.png,3S86899,3S86899
crop_h3_I00064.png,7B65585,7B65585
crop_m4_I00014.png,1BC0525,IBC05251
crop_m3_I00039.png,1BC6703,IBC6703
crop_m2_I00006.png,4B02466,265
crop_h3_I00124.png,2M25948,2M25948
crop_h3_I00000.png,4E02304,LEO2304
